timestamp,cpu_usage,memory_usage,load_capacity,error_rate,throughput,is_holiday
2025-01-01 00:00:0,22.68,78.0,0.11,4.82,922,0
2025-01-01 01:00:00,45.14,79.15,0.47,1.24,1874,0
2025-01-01 02:00:00,34.68,66.81,0.86,3.24,1955,0
2025-01-01 03:00:00,57.87,59.7,0.43,2.8,1219,0
2025-01-01 04:00:00,22.79,60.13,0.51,1.03,1926,0
2025-01-01 05:00:00,60.36,64.84,0.54,2.32,1883,0
2025-01-01 06:00:00,36.05,68.75,0.99,3.08,1138,0
2025-01-01 07:00:00,55.36,70.61,0.23,3.07,1286,0
2025-01-01 08:00:00,77.72,63.96,0.57,2.43,1214,0
2025-01-01 09:00:00,41.57,53.73,0.17,1.19,1302,0
2025-01-01 10:00:00,91.52,87.3,0.76,0.2,312,0
2025-01-01 11:00:00,31.05,30.83,0.15,4.3,1057,0
2025-01-01 12:00:00,62.93,76.84,0.34,3.67,1940,0
2025-01-01 13:00:00,55.76,57.02,0.78,4.18,1110,0
2025-01-01 14:00:00,58.82,65.72,0.64,2.99,661,0
2025-01-01 15:00:00,80.44,82.2,0.7,4.81,1790,0
2025-01-01 16:00:00,58.07,49.41,0.23,1.3,590,0
2025-01-01 17:00:00,45.1,45.67,0.27,4.97,1545,0
2025-01-01 18:00:00,78.07,62.36,0.26,2.22,1180,0
2025-01-01 19:00:00,28.93,89.28,0.62,0.35,1273,0
2025-01-01 20:00:00,77.77,72.61,0.69,1.37,1303,0
2025-01-01 21:00:00,91.78,46.28,0.81,0.71,604,0
2025-01-01 22:00:00,22.99,45.17,0.29,2.02,1521,0
2025-01-01 23:00:00,61.98,63.26,0.19,2.61,1654,0
2025-01-02 00:00:00,67.75,84.73,0.54,1.8,537,0
2025-01-02 01:00:00,52.18,88.78,0.49,1.21,656,0
2025-01-02 02:00:00,57.09,69.55,0.68,0.38,1333,0
2025-01-02 03:00:00,29.88,46.2,0.15,4.65,558,0
2025-01-02 04:00:00,87.39,39.32,0.6,3.65,753,0
2025-01-02 05:00:00,48.22,89.4,0.14,3.26,1670,0
2025-01-02 06:00:00,47.32,61.91,0.61,3.07,383,0
2025-01-02 07:00:00,27.2,58.53,0.74,2.78,519,0
2025-01-02 08:00:00,56.98,80.83,0.7,4.83,1192,0
2025-01-02 09:00:00,33.13,73.93,0.43,1.44,1139,0
2025-01-02 10:00:00,27.46,50.15,0.44,4.86,1724,0
2025-01-02 11:00:00,54.65,39.94,0.75,0.48,1030,0
2025-01-02 12:00:00,65.29,80.45,0.95,3.07,199,0
2025-01-02 13:00:00,59.41,67.98,0.44,0.78,1400,0
2025-01-02 14:00:00,51.84,74.42,0.37,1.46,1878,0
2025-01-02 15:00:00,73.36,38.76,0.31,1.14,234,0
2025-01-02 16:00:00,28.4,85.05,0.45,2.91,1866,0
2025-01-02 17:00:00,52.01,52.14,0.84,3.99,1228,0
2025-01-02 18:00:00,75.61,50.25,0.66,0.15,970,0
2025-01-02 19:00:00,52.24,37.24,0.9,1.61,1900,0
2025-01-02 20:00:00,28.32,56.57,0.41,2.49,1370,0
2025-01-02 21:00:00,38.86,89.5,0.61,2.08,613,0
2025-01-02 22:00:00,66.87,72.08,0.67,0.86,1559,0
2025-01-02 23:00:00,68.08,38.73,0.65,0.72,1242,0
2025-01-03 00:00:00,72.85,60.18,0.29,0.36,1969,0
2025-01-03 01:00:00,60.68,53.97,0.9,2.04,373,0
2025-01-03 02:00:00,45.0,67.14,0.72,1.96,1133,0
2025-01-03 03:00:00,84.62,37.12,0.91,3.72,749,0
2025-01-03 04:00:00,39.15,89.14,0.25,4.2,1782,0
2025-01-03 05:00:00,53.84,84.81,0.15,1.47,1686,0
2025-01-03 06:00:00,44.51,47.37,0.56,2.21,531,0
2025-01-03 07:00:00,71.89,47.1,0.76,1.1,1826,0
2025-01-03 08:00:00,22.51,56.13,0.95,1.85,1504,0
2025-01-03 09:00:00,61.54,87.45,0.18,3.33,459,0
2025-01-03 10:00:00,36.96,81.84,0.56,4.19,1475,0
2025-01-03 11:00:00,47.37,31.69,0.75,1.41,324,0
2025-01-03 12:00:00,28.21,50.3,0.94,0.28,1877,0
2025-01-03 13:00:00,28.23,86.44,0.36,0.14,1285,0
2025-01-03 14:00:00,77.07,48.36,0.5,3.54,1570,0
2025-01-03 15:00:00,41.5,32.03,0.81,4.49,844,0
2025-01-03 16:00:00,28.07,75.15,0.21,0.58,521,0
2025-01-03 17:00:00,55.61,46.34,0.75,4.97,1000,0
2025-01-03 18:00:00,78.7,57.73,0.56,3.23,699,0
2025-01-03 19:00:00,51.38,74.1,0.51,1.73,1509,0
2025-01-03 20:00:00,23.14,80.1,0.82,2.27,1043,0
2025-01-03 21:00:00,89.32,86.35,0.35,1.73,835,0
2025-01-03 22:00:00,30.71,45.02,0.77,2.34,1302,0
2025-01-03 23:00:00,78.88,86.69,0.21,4.83,109,0
2025-01-04 00:00:00,75.94,66.1,0.37,1.82,235,1
2025-01-04 01:00:00,71.59,53.28,0.22,0.19,1672,1
2025-01-04 02:00:00,62.12,68.97,0.72,2.74,1241,1
2025-01-04 03:00:00,73.62,32.64,0.81,1.54,919,1
2025-01-04 04:00:00,79.07,43.55,0.9,1.9,1335,1
2025-01-04 05:00:00,36.24,87.24,0.98,2.26,1316,1
2025-01-04 06:00:00,44.09,83.46,0.56,1.35,309,1
2025-01-04 07:00:00,44.2,40.1,0.39,3.92,1256,1
2025-01-04 08:00:00,69.49,51.15,0.32,1.0,155,1
2025-01-04 09:00:00,34.2,85.46,0.98,0.5,440,1
2025-01-04 10:00:00,39.7,61.42,0.81,4.93,692,1
2025-01-04 11:00:00,65.13,78.04,0.8,2.81,982,1
2025-01-04 12:00:00,48.36,81.75,0.1,2.05,409,1
2025-01-04 13:00:00,25.24,52.04,0.13,4.3,1002,1
2025-01-04 14:00:00,71.27,40.53,0.99,4.37,579,1
2025-01-04 15:00:00,44.15,67.7,0.88,0.82,1121,1
2025-01-04 16:00:00,78.36,48.54,0.94,0.37,875,1
2025-01-04 17:00:00,34.52,82.47,0.73,3.85,1588,1
2025-01-04 18:00:00,24.37,85.56,0.35,4.03,385,1
2025-01-04 19:00:00,45.48,82.49,0.18,1.97,1549,1
2025-01-04 20:00:00,72.75,69.67,0.95,3.56,365,1
2025-01-04 21:00:00,63.37,65.11,0.25,4.39,1995,1
2025-01-04 22:00:00,46.79,42.57,0.96,4.03,1394,1
2025-01-04 23:00:00,62.43,41.68,0.87,1.4,1426,1
2025-01-05 00:00:00,94.84,82.39,0.41,1.51,240,1
2025-01-05 01:00:00,81.85,85.65,0.44,3.69,1317,1
2025-01-05 02:00:00,86.56,79.46,0.5,1.55,859,1
2025-01-05 03:00:00,90.66,83.8,0.7,1.91,1898,1
2025-01-05 04:00:00,47.49,81.21,0.12,0.6,1138,1
2025-01-05 05:00:00,85.44,72.5,0.63,3.4,119,1
2025-01-05 06:00:00,76.79,59.69,0.77,2.72,1088,1
2025-01-05 07:00:00,46.32,52.78,0.84,2.13,1279,1
2025-01-05 08:00:00,55.61,31.18,0.97,4.54,1994,1
2025-01-05 09:00:00,41.78,33.96,0.77,3.07,1074,1
2025-01-05 10:00:00,21.31,52.76,0.55,2.28,1225,1
2025-01-05 11:00:00,53.48,46.97,0.56,0.28,218,1
2025-01-05 12:00:00,92.5,65.66,0.53,2.43,1794,1
2025-01-05 13:00:00,83.0,39.87,0.79,4.62,519,1
2025-01-05 14:00:00,70.36,84.71,0.19,1.17,818,1
2025-01-05 15:00:00,67.86,60.43,0.12,3.16,1719,1
2025-01-05 16:00:00,58.46,32.45,0.15,3.27,719,1
2025-01-05 17:00:00,40.55,41.07,0.46,1.23,658,1
2025-01-05 18:00:00,48.99,74.55,0.21,3.76,372,1
2025-01-05 19:00:00,41.56,81.82,0.42,1.2,1763,1
2025-01-05 20:00:00,58.09,83.44,0.65,4.25,1369,1
2025-01-05 21:00:00,78.47,65.39,0.61,2.16,1388,1
2025-01-05 22:00:00,22.32,87.33,0.81,3.01,1933,1
2025-01-05 23:00:00,49.35,69.5,0.42,0.37,105,1
2025-01-06 00:00:00,34.87,38.21,0.8,2.59,891,0
2025-01-06 01:00:00,66.83,43.38,0.28,1.51,1127,0
2025-01-06 02:00:00,52.95,88.45,0.35,2.12,468,0
2025-01-06 03:00:00,88.2,57.58,0.63,1.02,518,0
2025-01-06 04:00:00,57.24,48.66,0.64,3.48,1832,0
2025-01-06 05:00:00,29.67,37.1,0.24,4.16,958,0
2025-01-06 06:00:00,81.01,48.74,0.74,2.44,193,0
2025-01-06 07:00:00,89.39,52.5,0.21,0.35,1963,0
2025-01-06 08:00:00,26.73,61.78,0.58,2.46,588,0
2025-01-06 09:00:00,34.16,56.43,0.19,1.08,1449,0
2025-01-06 10:00:00,60.66,44.43,0.29,1.23,224,0
2025-01-06 11:00:00,20.36,69.55,0.85,4.91,631,0
2025-01-06 12:00:00,25.19,58.13,0.65,0.62,1786,0
2025-01-06 13:00:00,52.35,45.33,0.37,3.0,805,0
2025-01-06 14:00:00,75.14,60.7,0.92,4.9,1917,0
2025-01-06 15:00:00,78.66,59.63,0.13,0.97,1670,0
2025-01-06 16:00:00,87.86,48.03,0.45,0.49,337,0
2025-01-06 17:00:00,22.25,32.27,0.83,3.79,1222,0
2025-01-06 18:00:00,78.76,47.23,0.16,4.42,359,0
2025-01-06 19:00:00,67.03,78.28,0.77,4.57,1353,0
2025-01-06 20:00:00,36.23,89.32,0.41,4.15,1430,0
2025-01-06 21:00:00,71.88,79.36,0.33,4.15,1844,0
2025-01-06 22:00:00,39.86,35.4,0.86,3.57,1227,0
2025-01-06 23:00:00,67.43,65.49,0.75,2.45,835,0
2025-01-07 00:00:00,58.07,67.4,0.95,0.55,1277,0
2025-01-07 01:00:00,59.62,82.22,0.78,4.74,1366,0
2025-01-07 02:00:00,81.78,37.33,0.41,0.59,1624,0
2025-01-07 03:00:00,58.53,73.58,0.49,0.89,318,0
2025-01-07 04:00:00,86.44,80.88,0.37,1.33,751,0
2025-01-07 05:00:00,70.85,49.1,0.41,1.37,247,0
2025-01-07 06:00:00,67.23,86.52,0.93,3.65,1245,0
2025-01-07 07:00:00,69.72,57.21,0.25,3.65,763,0
2025-01-07 08:00:00,34.66,39.91,0.35,4.75,810,0
2025-01-07 09:00:00,86.69,49.57,0.53,3.85,536,0
2025-01-07 10:00:00,39.7,83.17,0.22,3.27,1798,0
2025-01-07 11:00:00,94.29,30.02,0.24,2.41,899,0
2025-01-07 12:00:00,24.49,78.59,0.91,2.12,1150,0
2025-01-07 13:00:00,20.95,32.91,0.11,3.48,1957,0
2025-01-07 14:00:00,31.63,63.15,0.87,4.86,1987,0
2025-01-07 15:00:00,78.22,67.59,0.28,3.54,590,0
2025-01-07 16:00:00,48.33,58.21,0.71,3.84,1599,0
2025-01-07 17:00:00,72.14,56.25,0.76,4.74,809,0
2025-01-07 18:00:00,82.17,32.21,0.39,4.83,301,0
2025-01-07 19:00:00,94.53,79.31,0.16,2.03,1440,0
2025-01-07 20:00:00,21.37,55.75,0.44,3.56,196,0
2025-01-07 21:00:00,28.5,34.37,0.11,3.86,207,0
2025-01-07 22:00:00,68.42,67.28,0.3,2.98,124,0
2025-01-07 23:00:00,55.18,68.63,0.96,4.81,1230,0
2025-01-08 00:00:00,46.31,77.88,0.27,4.8,1560,0
2025-01-08 01:00:00,24.83,35.56,0.9,4.46,1056,0
2025-01-08 02:00:00,36.87,47.41,0.77,2.78,158,0
2025-01-08 03:00:00,68.15,53.88,0.61,0.31,1260,0
2025-01-08 04:00:00,37.95,72.11,0.33,2.28,1614,0
2025-01-08 05:00:00,40.26,33.11,0.5,2.07,1440,0
2025-01-08 06:00:00,76.44,62.89,0.38,3.09,1445,0
2025-01-08 07:00:00,21.61,76.02,0.56,4.75,942,0
2025-01-08 08:00:00,89.59,74.65,0.2,0.57,837,0
2025-01-08 09:00:00,36.86,64.16,0.53,0.26,169,0
2025-01-08 10:00:00,79.36,85.72,0.45,2.09,1502,0
2025-01-08 11:00:00,37.77,67.07,0.2,3.78,1912,0
2025-01-08 12:00:00,23.88,77.08,0.55,4.63,606,0
2025-01-08 13:00:00,62.28,48.94,0.45,2.78,439,0
2025-01-08 14:00:00,71.21,58.6,0.28,1.97,1724,0
2025-01-08 15:00:00,64.63,82.41,0.31,2.08,1720,0
2025-01-08 16:00:00,28.56,80.08,0.68,1.04,464,0
2025-01-08 17:00:00,78.57,75.45,0.66,4.19,1181,0
2025-01-08 18:00:00,63.12,71.92,0.76,0.99,1868,0
2025-01-08 19:00:00,88.66,71.71,0.72,3.03,931,0
2025-01-08 20:00:00,50.77,47.33,0.87,3.01,1579,0
2025-01-08 21:00:00,43.45,53.5,0.1,0.65,477,0
2025-01-08 22:00:00,77.87,58.15,0.48,0.14,169,0
2025-01-08 23:00:00,84.54,45.13,0.2,0.02,965,0
2025-01-09 00:00:00,60.79,82.74,0.8,1.8,648,0
2025-01-09 01:00:00,91.97,69.75,0.51,0.15,313,0
2025-01-09 02:00:00,41.69,82.98,0.55,1.3,616,0
2025-01-09 03:00:00,58.21,53.16,0.16,1.11,1529,0
2025-01-09 04:00:00,43.86,62.86,0.58,2.46,1339,0
2025-01-09 05:00:00,64.98,30.01,0.57,2.19,1355,0
2025-01-09 06:00:00,74.84,87.68,0.76,1.5,663,0
2025-01-09 07:00:00,54.66,65.96,0.16,2.84,1591,0
2025-01-09 08:00:00,37.41,48.21,0.25,0.04,478,0
2025-01-09 09:00:00,76.41,82.05,0.28,2.98,1747,0
2025-01-09 10:00:00,24.93,36.82,0.65,3.2,221,0
2025-01-09 11:00:00,35.87,71.47,0.37,4.16,724,0
2025-01-09 12:00:00,62.37,66.27,0.94,0.77,1450,0
2025-01-09 13:00:00,91.68,79.17,0.51,0.82,196,0
2025-01-09 14:00:00,93.61,31.12,0.54,2.98,361,0
2025-01-09 15:00:00,83.7,33.11,0.69,4.53,527,0
2025-01-09 16:00:00,63.31,41.0,0.64,1.54,128,0
2025-01-09 17:00:00,54.25,39.11,0.48,1.89,1579,0
2025-01-09 18:00:00,52.67,41.79,0.38,1.28,235,0
2025-01-09 19:00:00,86.17,49.38,0.88,0.94,829,0
2025-01-09 20:00:00,67.51,36.09,0.29,2.34,1590,0
2025-01-09 21:00:00,79.58,57.43,0.15,3.92,1418,0
2025-01-09 22:00:00,77.55,51.5,0.98,2.13,1894,0
2025-01-09 23:00:00,58.18,35.58,0.16,4.4,1799,0
2025-01-10 00:00:00,66.45,71.24,0.71,3.26,1019,0
2025-01-10 01:00:00,35.65,72.32,0.47,0.27,1504,0
2025-01-10 02:00:00,79.93,82.08,0.64,2.0,1690,0
2025-01-10 03:00:00,80.32,40.82,0.97,4.44,824,0
2025-01-10 04:00:00,85.73,47.83,0.73,0.68,303,0
2025-01-10 05:00:00,25.23,47.24,0.85,1.74,1224,0
2025-01-10 06:00:00,50.17,72.91,0.12,2.7,518,0
2025-01-10 07:00:00,70.41,88.18,0.92,0.6,878,0
2025-01-10 08:00:00,78.15,32.33,0.46,2.37,1767,0
2025-01-10 09:00:00,62.02,37.45,0.42,4.98,623,0
2025-01-10 10:00:00,78.78,47.14,0.28,1.9,1486,0
2025-01-10 11:00:00,70.32,30.28,0.43,1.36,1627,0
2025-01-10 12:00:00,46.93,65.71,0.38,0.68,514,0
2025-01-10 13:00:00,80.66,83.43,0.2,1.76,1338,0
2025-01-10 14:00:00,92.21,54.11,0.47,0.88,1023,0
2025-01-10 15:00:00,43.16,54.42,0.91,2.55,1181,0
2025-01-10 16:00:00,93.39,58.72,0.53,4.98,903,0
2025-01-10 17:00:00,32.2,81.11,0.13,2.12,983,0
2025-01-10 18:00:00,69.03,35.69,0.46,4.12,621,0
2025-01-10 19:00:00,76.19,87.23,0.26,1.78,989,0
2025-01-10 20:00:00,43.1,60.28,0.11,3.1,1728,0
2025-01-10 21:00:00,84.83,64.99,0.33,2.69,1180,0
2025-01-10 22:00:00,29.82,36.68,0.49,0.7,1877,0
2025-01-10 23:00:00,84.95,75.87,1.0,4.37,473,0
2025-01-11 00:00:00,67.75,71.71,0.19,1.43,469,1
2025-01-11 01:00:00,73.69,64.85,0.5,1.82,858,1
2025-01-11 02:00:00,55.43,56.78,0.84,2.11,286,1
2025-01-11 03:00:00,41.28,51.1,0.3,2.98,1887,1
2025-01-11 04:00:00,82.99,41.21,0.97,4.93,600,1
2025-01-11 05:00:00,52.8,33.75,0.66,2.69,1193,1
2025-01-11 06:00:00,42.99,47.24,0.78,3.6,951,1
2025-01-11 07:00:00,21.41,37.1,0.18,4.94,1487,1
2025-01-11 08:00:00,61.59,39.39,0.56,4.88,729,1
2025-01-11 09:00:00,82.67,80.72,0.65,4.22,679,1
2025-01-11 10:00:00,92.98,51.25,0.99,1.03,708,1
2025-01-11 11:00:00,46.62,44.69,0.72,0.9,1089,1
2025-01-11 12:00:00,61.28,72.5,0.89,0.82,996,1
2025-01-11 13:00:00,48.08,86.19,0.35,3.72,155,1
2025-01-11 14:00:00,29.75,50.52,0.34,2.58,1801,1
2025-01-11 15:00:00,31.79,70.47,0.57,1.27,1452,1
2025-01-11 16:00:00,69.01,81.99,0.83,2.15,1757,1
2025-01-11 17:00:00,34.83,84.95,0.35,3.74,1930,1
2025-01-11 18:00:00,85.47,47.08,0.85,4.91,1598,1
2025-01-11 19:00:00,66.94,68.83,0.19,2.27,463,1
2025-01-11 20:00:00,59.42,82.86,0.73,3.03,1848,1
2025-01-11 21:00:00,20.01,85.3,0.66,2.39,1568,1
2025-01-11 22:00:00,90.83,82.04,0.74,1.72,339,1
2025-01-11 23:00:00,74.91,44.56,0.25,2.09,230,1
2025-01-12 00:00:00,58.53,46.71,0.67,0.78,214,1
2025-01-12 01:00:00,38.65,78.66,0.21,3.63,894,1
2025-01-12 02:00:00,89.68,84.43,0.8,0.34,470,1
2025-01-12 03:00:00,69.34,83.99,0.61,2.18,169,1
2025-01-12 04:00:00,40.71,59.65,0.87,2.56,862,1
2025-01-12 05:00:00,81.19,38.32,0.13,2.93,1990,1
2025-01-12 06:00:00,93.79,40.52,0.88,1.75,1773,1
2025-01-12 07:00:00,28.26,74.67,0.71,4.58,1754,1
2025-01-12 08:00:00,24.64,58.15,0.25,2.53,1036,1
2025-01-12 09:00:00,91.03,51.51,0.24,1.35,1952,1
2025-01-12 10:00:00,63.32,78.01,0.6,0.43,728,1
2025-01-12 11:00:00,94.77,34.93,0.18,0.33,934,1
2025-01-12 12:00:00,44.87,64.83,0.78,0.16,1271,1
2025-01-12 13:00:00,68.15,34.37,0.24,2.93,1176,1
2025-01-12 14:00:00,48.51,89.01,0.34,0.91,597,1
2025-01-12 15:00:00,77.38,82.25,0.61,1.99,1348,1
2025-01-12 16:00:00,53.85,72.84,0.86,0.19,373,1
2025-01-12 17:00:00,68.09,83.06,0.61,1.82,1346,1
2025-01-12 18:00:00,38.92,76.6,0.13,1.22,876,1
2025-01-12 19:00:00,42.84,79.74,0.52,1.23,646,1
2025-01-12 20:00:00,51.55,45.69,0.85,4.98,888,1
2025-01-12 21:00:00,66.8,43.79,0.71,1.95,666,1
2025-01-12 22:00:00,51.99,41.4,0.22,1.03,1773,1
2025-01-12 23:00:00,40.07,42.82,0.69,2.74,833,1
2025-01-13 00:00:00,71.74,46.48,0.96,2.77,735,0
2025-01-13 01:00:00,49.68,71.52,0.7,4.14,1712,0
2025-01-13 02:00:00,73.95,31.08,0.93,2.25,1805,0
2025-01-13 03:00:00,23.96,74.09,0.5,0.18,247,0
2025-01-13 04:00:00,54.88,53.84,0.64,1.28,1693,0
2025-01-13 05:00:00,69.18,45.84,0.7,3.93,611,0
2025-01-13 06:00:00,89.99,54.81,0.25,0.73,578,0
2025-01-13 07:00:00,90.2,72.39,0.71,4.99,332,0
2025-01-13 08:00:00,69.01,77.04,0.95,1.12,111,0
2025-01-13 09:00:00,71.61,30.61,0.71,4.56,843,0
2025-01-13 10:00:00,76.0,45.26,0.94,1.06,1586,0
2025-01-13 11:00:00,83.79,69.66,0.76,4.49,126,0
2025-01-13 12:00:00,52.07,40.3,0.7,4.18,1281,0
2025-01-13 13:00:00,52.62,49.92,0.61,1.08,1640,0
2025-01-13 14:00:00,42.28,80.49,0.82,4.64,1013,0
2025-01-13 15:00:00,58.34,42.82,0.37,0.35,1816,0
2025-01-13 16:00:00,77.68,74.98,0.81,1.66,479,0
2025-01-13 17:00:00,86.68,32.42,0.9,1.35,1152,0
2025-01-13 18:00:00,84.3,70.85,0.68,1.05,319,0
2025-01-13 19:00:00,93.11,77.02,0.91,1.86,1905,0
2025-01-13 20:00:00,57.16,58.72,0.1,4.02,1753,0
2025-01-13 21:00:00,26.66,80.54,0.67,2.0,1358,0
2025-01-13 22:00:00,66.79,88.84,0.86,2.17,1071,0
2025-01-13 23:00:00,56.25,85.18,0.22,3.61,756,0
2025-01-14 00:00:00,57.35,50.61,0.41,2.18,949,0
2025-01-14 01:00:00,50.99,72.07,0.6,2.43,1007,0
2025-01-14 02:00:00,58.89,84.51,0.5,3.68,1182,0
2025-01-14 03:00:00,41.45,51.62,0.81,1.04,133,0
2025-01-14 04:00:00,63.32,54.72,0.22,3.12,280,0
2025-01-14 05:00:00,25.55,43.85,0.23,2.48,728,0
2025-01-14 06:00:00,30.07,52.57,0.22,2.54,1269,0
2025-01-14 07:00:00,53.69,49.78,0.56,0.14,1384,0
2025-01-14 08:00:00,34.9,74.09,1.0,2.63,489,0
2025-01-14 09:00:00,63.1,58.33,0.47,2.65,893,0
2025-01-14 10:00:00,34.25,49.9,0.62,0.81,670,0
2025-01-14 11:00:00,27.72,85.82,0.56,4.72,684,0
2025-01-14 12:00:00,49.69,46.88,0.69,2.28,1540,0
2025-01-14 13:00:00,90.41,60.73,0.79,4.44,1881,0
2025-01-14 14:00:00,69.64,54.87,0.55,0.05,188,0
2025-01-14 15:00:00,81.0,65.07,0.17,3.18,1346,0
2025-01-14 16:00:00,83.84,71.16,0.22,4.0,1246,0
2025-01-14 17:00:00,45.87,49.48,0.58,2.86,1228,0
2025-01-14 18:00:00,35.48,60.19,0.38,1.2,1995,0
2025-01-14 19:00:00,64.41,87.6,0.21,3.11,1635,0
2025-01-14 20:00:00,93.79,38.88,0.69,4.77,381,0
2025-01-14 21:00:00,90.52,36.2,0.89,2.43,1161,0
2025-01-14 22:00:00,80.36,57.07,0.66,4.49,1068,0
2025-01-14 23:00:00,94.76,71.11,0.16,1.2,1367,0
2025-01-15 00:00:00,82.07,51.82,0.98,1.78,752,0
2025-01-15 01:00:00,66.47,72.78,0.78,3.64,1060,0
2025-01-15 02:00:00,80.67,30.36,0.87,3.97,262,0
2025-01-15 03:00:00,91.18,67.32,0.37,2.99,466,0
2025-01-15 04:00:00,87.13,40.65,0.86,4.77,302,0
2025-01-15 05:00:00,37.72,40.13,0.16,2.22,968,0
2025-01-15 06:00:00,45.76,59.95,0.5,3.82,321,0
2025-01-15 07:00:00,82.42,64.25,0.6,4.24,1874,0
2025-01-15 08:00:00,53.64,36.02,0.79,3.97,1759,0
2025-01-15 09:00:00,94.56,83.97,0.33,0.74,1501,0
2025-01-15 10:00:00,72.65,38.31,0.19,3.61,739,0
2025-01-15 11:00:00,34.95,47.15,0.96,2.04,1752,0
2025-01-15 12:00:00,57.41,46.77,0.8,3.07,1280,0
2025-01-15 13:00:00,23.8,53.62,0.61,2.17,1980,0
2025-01-15 14:00:00,76.98,66.95,0.33,0.6,495,0
2025-01-15 15:00:00,49.01,58.48,0.9,3.33,764,0
2025-01-15 16:00:00,47.57,84.64,0.81,3.19,192,0
2025-01-15 17:00:00,88.36,64.97,0.33,2.05,697,0
2025-01-15 18:00:00,93.8,88.64,0.71,4.1,1188,0
2025-01-15 19:00:00,33.12,52.32,0.44,1.09,1590,0
2025-01-15 20:00:00,34.24,86.3,0.31,2.04,1314,0
2025-01-15 21:00:00,27.83,66.7,0.55,0.18,239,0
2025-01-15 22:00:00,54.4,37.5,0.62,4.64,234,0
2025-01-15 23:00:00,79.66,36.75,0.26,1.63,1118,0
2025-01-16 00:00:00,33.68,60.52,0.14,1.13,477,0
2025-01-16 01:00:00,48.88,46.68,0.89,1.42,629,0
2025-01-16 02:00:00,32.63,82.28,0.95,0.32,306,0
2025-01-16 03:00:00,63.54,49.63,0.68,3.4,1766,0
2025-01-16 04:00:00,38.99,41.29,0.3,2.45,303,0
2025-01-16 05:00:00,73.74,73.89,0.75,0.39,985,0
2025-01-16 06:00:00,47.08,66.74,0.39,2.66,1617,0
2025-01-16 07:00:00,90.43,36.84,0.13,0.74,565,0
2025-01-16 08:00:00,66.69,51.61,0.67,4.01,884,0
2025-01-16 09:00:00,69.52,73.21,0.53,0.96,1254,0
2025-01-16 10:00:00,71.33,56.11,0.58,1.87,1450,0
2025-01-16 11:00:00,73.33,38.51,0.12,0.45,486,0
2025-01-16 12:00:00,66.18,82.87,0.79,3.84,1018,0
2025-01-16 13:00:00,54.42,56.44,0.15,0.45,873,0
2025-01-16 14:00:00,31.19,82.22,0.31,4.36,1855,0
2025-01-16 15:00:00,48.46,58.25,0.14,2.39,1988,0
2025-01-16 16:00:00,56.31,88.44,0.51,4.73,235,0
2025-01-16 17:00:00,67.62,61.43,0.56,4.55,1532,0
2025-01-16 18:00:00,81.48,74.97,0.84,4.41,522,0
2025-01-16 19:00:00,22.04,38.08,0.81,2.33,1661,0
2025-01-16 20:00:00,79.44,78.49,0.16,0.83,1620,0
2025-01-16 21:00:00,61.65,71.19,0.68,0.31,1190,0
2025-01-16 22:00:00,28.03,74.04,0.59,2.66,1077,0
2025-01-16 23:00:00,35.08,81.7,0.22,3.37,1644,0
2025-01-17 00:00:00,85.95,44.78,0.52,0.8,1481,0
2025-01-17 01:00:00,31.68,36.49,0.82,4.78,758,0
2025-01-17 02:00:00,64.02,71.27,0.7,0.22,981,0
2025-01-17 03:00:00,35.09,55.5,0.17,0.02,1568,0
2025-01-17 04:00:00,20.35,48.14,0.98,1.94,1409,0
2025-01-17 05:00:00,66.59,51.86,0.78,4.62,971,0
2025-01-17 06:00:00,45.16,62.73,0.21,2.04,756,0
2025-01-17 07:00:00,69.56,86.05,0.13,4.89,117,0
2025-01-17 08:00:00,25.41,50.27,0.3,1.54,142,0
2025-01-17 09:00:00,67.86,84.96,0.22,4.12,1280,0
2025-01-17 10:00:00,77.88,39.13,0.17,2.77,770,0
2025-01-17 11:00:00,24.94,45.17,0.72,3.76,1766,0
2025-01-17 12:00:00,73.42,68.97,0.91,1.21,440,0
2025-01-17 13:00:00,49.78,75.67,0.73,3.36,564,0
2025-01-17 14:00:00,27.48,83.31,0.96,0.82,932,0
2025-01-17 15:00:00,36.01,38.59,0.44,3.11,475,0
2025-01-17 16:00:00,54.76,68.49,0.71,1.22,1877,0
2025-01-17 17:00:00,77.32,72.68,0.1,2.88,960,0
2025-01-17 18:00:00,76.64,47.23,0.72,1.94,1114,0
2025-01-17 19:00:00,87.83,36.92,0.56,2.58,792,0
2025-01-17 20:00:00,67.38,42.07,0.68,4.27,217,0
2025-01-17 21:00:00,70.81,60.82,0.39,2.66,346,0
2025-01-17 22:00:00,53.45,89.49,0.19,0.58,1526,0
2025-01-17 23:00:00,78.66,50.32,0.63,4.95,907,0
2025-01-18 00:00:00,41.48,75.35,0.22,3.99,1119,1
2025-01-18 01:00:00,80.98,34.72,0.24,4.12,1423,1
2025-01-18 02:00:00,39.66,44.13,0.5,4.25,606,1
2025-01-18 03:00:00,67.94,31.15,0.62,4.46,317,1
2025-01-18 04:00:00,76.22,86.42,0.65,1.22,793,1
2025-01-18 05:00:00,33.01,78.92,0.95,1.83,243,1
2025-01-18 06:00:00,90.0,80.74,0.51,4.56,1729,1
2025-01-18 07:00:00,63.28,72.65,0.36,3.39,941,1
2025-01-18 08:00:00,92.33,74.76,0.54,2.21,1327,1
2025-01-18 09:00:00,62.82,33.12,0.4,0.18,796,1
2025-01-18 10:00:00,38.27,75.85,0.76,0.47,974,1
2025-01-18 11:00:00,52.68,31.28,0.43,3.65,1636,1
2025-01-18 12:00:00,81.31,69.37,0.36,2.83,1600,1
2025-01-18 13:00:00,44.3,43.32,0.19,1.18,1679,1
2025-01-18 14:00:00,70.06,40.62,0.53,3.69,1404,1
2025-01-18 15:00:00,32.88,70.07,0.11,4.62,1141,1
2025-01-18 16:00:00,58.5,75.98,0.82,0.66,1644,1
2025-01-18 17:00:00,57.63,33.17,0.11,2.89,389,1
2025-01-18 18:00:00,35.16,77.73,0.25,4.07,1712,1
2025-01-18 19:00:00,92.79,52.21,0.44,3.32,935,1
2025-01-18 20:00:00,60.43,67.88,0.81,0.35,1817,1
2025-01-18 21:00:00,60.85,58.45,0.73,3.59,858,1
2025-01-18 22:00:00,34.15,70.74,0.34,4.03,1109,1
2025-01-18 23:00:00,73.05,69.87,0.8,1.77,645,1
2025-01-19 00:00:00,71.79,71.91,0.38,2.92,838,1
2025-01-19 01:00:00,84.1,60.46,0.16,4.04,412,1
2025-01-19 02:00:00,58.05,80.4,0.39,3.66,823,1
2025-01-19 03:00:00,60.25,33.3,0.15,2.32,993,1
2025-01-19 04:00:00,33.89,68.23,0.8,4.43,1684,1
2025-01-19 05:00:00,45.28,61.54,0.24,2.61,1122,1
2025-01-19 06:00:00,81.88,76.76,0.22,1.11,1900,1
2025-01-19 07:00:00,31.77,35.26,0.5,4.15,1363,1
2025-01-19 08:00:00,44.96,89.13,0.63,3.25,1464,1
2025-01-19 09:00:00,27.44,85.82,0.36,0.08,337,1
2025-01-19 10:00:00,70.71,83.84,0.27,2.0,1573,1
2025-01-19 11:00:00,63.34,54.38,0.5,4.86,366,1
2025-01-19 12:00:00,23.87,82.74,0.55,1.49,222,1
2025-01-19 13:00:00,28.53,37.31,0.94,0.54,1861,1
2025-01-19 14:00:00,26.28,55.64,0.15,2.04,1120,1
2025-01-19 15:00:00,25.31,72.47,0.92,4.33,381,1
2025-01-19 16:00:00,90.77,76.69,0.89,1.29,312,1
2025-01-19 17:00:00,25.33,85.62,0.82,0.57,1275,1
2025-01-19 18:00:00,56.45,63.42,0.8,2.91,1356,1
2025-01-19 19:00:00,77.14,66.6,0.94,3.72,561,1
2025-01-19 20:00:00,51.6,82.07,0.82,0.29,1455,1
2025-01-19 21:00:00,94.24,78.22,0.44,0.21,917,1
2025-01-19 22:00:00,75.1,41.82,0.94,0.08,158,1
2025-01-19 23:00:00,86.88,69.97,0.86,3.43,831,1
2025-01-20 00:00:00,42.84,68.45,0.71,3.83,591,0
2025-01-20 01:00:00,37.97,61.17,0.29,3.73,1287,0
2025-01-20 02:00:00,29.02,59.4,0.78,3.79,312,0
2025-01-20 03:00:00,67.17,30.37,0.51,2.37,1879,0
2025-01-20 04:00:00,49.27,41.62,0.69,0.69,1872,0
2025-01-20 05:00:00,20.04,50.45,0.47,4.85,1205,0
2025-01-20 06:00:00,33.21,56.9,0.64,4.31,1342,0
2025-01-20 07:00:00,58.46,40.25,0.56,2.53,1752,0
2025-01-20 08:00:00,55.45,33.14,0.31,3.86,1918,0
2025-01-20 09:00:00,44.17,87.7,0.33,4.94,680,0
2025-01-20 10:00:00,50.8,44.03,0.64,3.4,382,0
2025-01-20 11:00:00,35.29,80.29,0.69,4.17,692,0
2025-01-20 12:00:00,27.35,48.01,0.74,1.59,1256,0
2025-01-20 13:00:00,93.49,67.83,0.81,1.18,229,0
2025-01-20 14:00:00,94.13,36.53,0.11,3.69,1977,0
2025-01-20 15:00:00,30.97,31.74,0.53,0.11,666,0
2025-01-20 16:00:00,27.01,73.19,0.82,0.31,412,0
2025-01-20 17:00:00,76.56,73.79,0.56,3.5,1647,0
2025-01-20 18:00:00,42.63,45.4,0.35,3.33,1244,0
2025-01-20 19:00:00,49.12,77.58,0.23,2.2,1680,0
2025-01-20 20:00:00,60.07,38.08,0.72,2.05,1928,0
2025-01-20 21:00:00,64.29,34.9,0.21,4.51,562,0
2025-01-20 22:00:00,57.69,49.56,0.85,3.33,781,0
2025-01-20 23:00:00,92.89,77.08,0.31,4.07,1452,0
2025-01-21 00:00:00,91.29,73.61,0.72,3.61,243,0
2025-01-21 01:00:00,57.73,49.06,0.6,4.08,1413,0
2025-01-21 02:00:00,77.6,85.21,1.0,1.52,1025,0
2025-01-21 03:00:00,25.85,63.95,0.68,1.92,1784,0
2025-01-21 04:00:00,49.06,44.66,0.96,2.58,364,0
2025-01-21 05:00:00,36.08,50.53,0.84,3.23,770,0
2025-01-21 06:00:00,53.88,35.25,0.53,3.14,1779,0
2025-01-21 07:00:00,46.66,85.02,0.34,4.49,1214,0
2025-01-21 08:00:00,54.69,49.63,0.75,3.77,1601,0
2025-01-21 09:00:00,89.09,66.03,0.11,4.68,756,0
2025-01-21 10:00:00,49.31,78.71,0.7,1.88,1488,0
2025-01-21 11:00:00,49.63,31.9,0.99,0.27,1917,0
2025-01-21 12:00:00,66.69,83.93,0.21,3.13,1585,0
2025-01-21 13:00:00,29.58,52.06,0.77,2.23,364,0
2025-01-21 14:00:00,75.29,82.56,0.85,4.45,696,0
2025-01-21 15:00:00,82.27,87.92,0.43,4.53,1644,0
2025-01-21 16:00:00,69.8,31.91,0.95,3.64,319,0
2025-01-21 17:00:00,76.06,83.21,0.15,3.55,589,0
2025-01-21 18:00:00,32.19,42.9,0.82,0.24,1843,0
2025-01-21 19:00:00,92.44,36.56,0.53,4.37,528,0
2025-01-21 20:00:00,87.91,37.17,0.49,1.73,333,0
2025-01-21 21:00:00,89.21,71.06,0.73,3.75,942,0
2025-01-21 22:00:00,33.72,36.02,0.14,0.68,1228,0
2025-01-21 23:00:00,73.64,82.7,0.83,4.17,476,0
2025-01-22 00:00:00,74.53,55.96,0.59,1.48,1299,0
2025-01-22 01:00:00,72.92,63.84,0.27,4.29,414,0
2025-01-22 02:00:00,31.08,54.52,0.98,2.59,514,0
2025-01-22 03:00:00,59.96,57.89,0.83,1.73,912,0
2025-01-22 04:00:00,30.6,84.47,0.63,2.43,523,0
2025-01-22 05:00:00,84.21,53.08,0.22,1.27,758,0
2025-01-22 06:00:00,24.63,30.48,0.68,1.88,357,0
2025-01-22 07:00:00,90.2,48.17,0.55,1.79,1916,0
2025-01-22 08:00:00,82.63,64.01,0.26,3.45,909,0
2025-01-22 09:00:00,75.36,53.45,0.42,2.56,735,0
2025-01-22 10:00:00,73.05,53.9,0.58,3.91,170,0
2025-01-22 11:00:00,79.98,42.05,0.53,3.85,1921,0
2025-01-22 12:00:00,79.95,31.98,0.41,0.45,1295,0
2025-01-22 13:00:00,66.98,40.28,0.88,4.64,715,0
2025-01-22 14:00:00,30.87,48.76,0.37,0.5,1216,0
2025-01-22 15:00:00,42.0,46.62,0.66,3.3,160,0
2025-01-22 16:00:00,37.71,35.5,0.56,4.65,544,0
2025-01-22 17:00:00,65.63,83.46,0.13,2.6,1873,0
2025-01-22 18:00:00,64.54,67.81,0.4,1.24,634,0
2025-01-22 19:00:00,91.6,76.27,0.68,4.01,246,0
2025-01-22 20:00:00,90.95,35.1,0.34,3.86,1553,0
2025-01-22 21:00:00,51.13,71.56,0.2,3.91,1286,0
2025-01-22 22:00:00,91.2,63.66,0.97,0.04,1681,0
2025-01-22 23:00:00,80.86,75.78,0.24,2.21,1718,0
2025-01-23 00:00:00,94.22,37.31,0.62,3.5,1338,0
2025-01-23 01:00:00,78.09,62.56,0.96,1.63,1588,0
2025-01-23 02:00:00,21.09,75.21,0.78,1.55,1979,0
2025-01-23 03:00:00,82.33,76.68,0.4,3.63,1567,0
2025-01-23 04:00:00,31.91,60.26,0.11,3.19,1532,0
2025-01-23 05:00:00,73.53,88.19,0.33,0.44,1792,0
2025-01-23 06:00:00,20.36,67.86,0.63,3.15,1209,0
2025-01-23 07:00:00,38.46,83.62,0.45,0.57,684,0
2025-01-23 08:00:00,61.84,82.73,0.44,1.0,453,0
2025-01-23 09:00:00,70.79,36.86,0.53,0.3,1492,0
2025-01-23 10:00:00,30.26,57.36,0.53,2.62,464,0
2025-01-23 11:00:00,57.85,46.58,0.75,2.97,1956,0
2025-01-23 12:00:00,28.91,46.81,0.18,4.57,118,0
2025-01-23 13:00:00,38.61,73.12,0.18,4.18,1213,0
2025-01-23 14:00:00,49.94,54.69,0.3,3.09,714,0
2025-01-23 15:00:00,50.19,35.11,0.73,0.97,1632,0
2025-01-23 16:00:00,76.2,39.56,0.61,3.09,146,0
2025-01-23 17:00:00,85.69,44.56,0.4,0.35,1513,0
2025-01-23 18:00:00,33.46,88.06,0.12,4.27,397,0
2025-01-23 19:00:00,84.29,32.02,0.22,2.95,1144,0
2025-01-23 20:00:00,44.64,44.18,0.57,4.12,242,0
2025-01-23 21:00:00,78.55,31.27,0.78,2.08,1917,0
2025-01-23 22:00:00,50.31,42.55,0.76,1.73,1414,0
2025-01-23 23:00:00,84.2,31.93,0.74,4.21,1591,0
2025-01-24 00:00:00,66.95,63.36,0.62,1.8,482,0
2025-01-24 01:00:00,69.62,80.81,0.13,0.72,1957,0
2025-01-24 02:00:00,61.05,63.06,0.67,4.74,1558,0
2025-01-24 03:00:00,42.14,50.73,0.23,3.86,279,0
2025-01-24 04:00:00,53.5,44.78,0.34,4.65,1077,0
2025-01-24 05:00:00,60.21,53.52,0.27,3.33,962,0
2025-01-24 06:00:00,80.99,61.64,0.63,2.08,703,0
2025-01-24 07:00:00,33.82,84.42,0.89,3.84,937,0
2025-01-24 08:00:00,25.13,44.73,0.64,0.71,139,0
2025-01-24 09:00:00,66.68,42.65,0.11,4.42,1426,0
2025-01-24 10:00:00,75.83,47.08,0.41,0.77,1815,0
2025-01-24 11:00:00,70.24,36.96,0.49,3.19,1677,0
2025-01-24 12:00:00,83.3,55.73,0.87,2.13,1042,0
2025-01-24 13:00:00,25.58,60.72,0.17,3.37,1536,0
2025-01-24 14:00:00,92.53,85.81,0.4,2.24,1683,0
2025-01-24 15:00:00,44.41,70.71,1.0,2.18,740,0
2025-01-24 16:00:00,40.5,40.85,0.38,0.88,897,0
2025-01-24 17:00:00,63.01,32.7,0.66,4.52,493,0
2025-01-24 18:00:00,41.78,85.86,0.33,1.79,1424,0
2025-01-24 19:00:00,86.45,89.01,0.37,1.63,1785,0
2025-01-24 20:00:00,30.03,62.55,0.2,4.63,1172,0
2025-01-24 21:00:00,43.5,36.49,0.4,0.12,1401,0
2025-01-24 22:00:00,27.34,85.08,0.64,1.86,1721,0
2025-01-24 23:00:00,92.04,63.45,0.36,4.48,666,0
2025-01-25 00:00:00,88.08,63.41,0.93,0.66,1698,1
2025-01-25 01:00:00,76.02,47.48,0.8,4.59,1566,1
2025-01-25 02:00:00,77.67,85.12,0.4,1.05,329,1
2025-01-25 03:00:00,74.07,37.32,0.23,4.4,440,1
2025-01-25 04:00:00,27.57,73.96,0.15,3.32,1396,1
2025-01-25 05:00:00,34.58,35.55,0.66,1.24,765,1
2025-01-25 06:00:00,87.37,31.0,0.95,3.57,553,1
2025-01-25 07:00:00,66.35,40.01,0.21,4.56,398,1
2025-01-25 08:00:00,31.04,39.76,0.89,3.98,1124,1
2025-01-25 09:00:00,55.03,46.17,0.78,1.43,830,1
2025-01-25 10:00:00,62.75,82.27,0.53,2.07,1117,1
2025-01-25 11:00:00,27.81,59.1,0.16,2.3,1347,1
2025-01-25 12:00:00,70.91,81.97,0.48,3.09,168,1
2025-01-25 13:00:00,65.62,34.11,0.98,2.28,1421,1
2025-01-25 14:00:00,43.78,55.96,0.67,1.0,1490,1
2025-01-25 15:00:00,40.56,36.59,0.37,1.37,1490,1
2025-01-25 16:00:00,39.47,75.58,0.49,4.02,433,1
2025-01-25 17:00:00,77.47,82.47,0.67,2.6,277,1
2025-01-25 18:00:00,78.98,39.93,0.1,4.38,582,1
2025-01-25 19:00:00,73.0,45.21,0.75,0.75,846,1
2025-01-25 20:00:00,23.97,45.85,0.45,3.54,312,1
2025-01-25 21:00:00,77.33,30.32,0.56,1.31,601,1
2025-01-25 22:00:00,84.33,76.73,0.85,0.36,1217,1
2025-01-25 23:00:00,47.32,88.05,0.71,3.61,244,1
2025-01-26 00:00:00,42.68,32.34,0.24,0.09,1354,1
2025-01-26 01:00:00,34.02,83.66,0.78,4.99,544,1
2025-01-26 02:00:00,31.79,71.52,0.87,4.3,478,1
2025-01-26 03:00:00,23.36,42.94,0.74,1.52,156,1
2025-01-26 04:00:00,66.25,75.13,0.16,3.91,943,1
2025-01-26 05:00:00,74.31,35.42,0.55,0.04,1769,1
2025-01-26 06:00:00,35.59,72.76,0.79,0.97,915,1
2025-01-26 07:00:00,34.51,34.21,0.56,1.74,401,1
2025-01-26 08:00:00,78.1,37.78,0.68,1.55,1595,1
2025-01-26 09:00:00,32.82,50.52,0.76,3.37,1892,1
2025-01-26 10:00:00,92.25,74.84,0.71,3.5,1306,1
2025-01-26 11:00:00,66.46,57.9,0.86,5.0,433,1
2025-01-26 12:00:00,39.62,64.03,0.79,3.55,1872,1
2025-01-26 13:00:00,61.75,76.82,0.9,4.02,1149,1
2025-01-26 14:00:00,73.6,51.21,0.51,3.14,1053,1
2025-01-26 15:00:00,77.16,33.15,0.46,3.59,1583,1
2025-01-26 16:00:00,77.21,72.27,0.9,0.7,314,1
2025-01-26 17:00:00,88.37,38.41,0.73,4.69,413,1
2025-01-26 18:00:00,63.84,77.67,0.82,3.17,289,1
2025-01-26 19:00:00,39.95,66.48,0.23,3.01,1416,1
2025-01-26 20:00:00,70.24,33.23,0.44,2.09,1606,1
2025-01-26 21:00:00,71.89,60.57,0.47,3.0,1960,1
2025-01-26 22:00:00,23.71,79.39,0.89,0.77,1286,1
2025-01-26 23:00:00,40.36,51.3,0.26,3.26,108,1
2025-01-27 00:00:00,76.41,37.81,0.45,0.39,168,0
2025-01-27 01:00:00,28.96,31.7,0.8,2.92,1693,0
2025-01-27 02:00:00,46.14,49.16,0.45,4.64,1453,0
2025-01-27 03:00:00,20.38,53.93,0.34,5.0,667,0
2025-01-27 04:00:00,67.98,54.1,0.6,1.15,1640,0
2025-01-27 05:00:00,63.4,55.52,0.16,3.0,1589,0
2025-01-27 06:00:00,94.61,64.09,0.43,2.61,119,0
2025-01-27 07:00:00,70.14,89.42,0.93,3.55,687,0
2025-01-27 08:00:00,56.89,85.1,0.86,2.82,338,0
2025-01-27 09:00:00,79.03,84.88,0.64,3.83,798,0
2025-01-27 10:00:00,92.27,54.73,0.72,0.93,956,0
2025-01-27 11:00:00,61.67,69.81,0.37,1.61,756,0
2025-01-27 12:00:00,46.63,78.14,0.6,0.12,1079,0
2025-01-27 13:00:00,56.55,65.64,0.16,3.59,658,0
2025-01-27 14:00:00,41.08,53.62,0.69,0.07,1378,0
2025-01-27 15:00:00,45.74,67.0,0.84,4.0,930,0
2025-01-27 16:00:00,68.58,85.96,0.77,0.21,185,0
2025-01-27 17:00:00,58.09,50.25,0.86,4.48,1727,0
2025-01-27 18:00:00,73.56,59.09,0.9,2.32,1675,0
2025-01-27 19:00:00,65.08,38.0,0.98,1.64,115,0
2025-01-27 20:00:00,30.32,67.34,0.81,1.53,540,0
2025-01-27 21:00:00,65.07,82.87,0.36,2.89,1937,0
2025-01-27 22:00:00,25.93,89.45,0.64,3.77,1347,0
2025-01-27 23:00:00,44.98,52.08,0.29,1.78,1967,0
2025-01-28 00:00:00,21.17,59.31,0.69,2.43,1840,0
2025-01-28 01:00:00,91.71,74.52,0.74,1.45,1052,0
2025-01-28 02:00:00,91.14,87.31,0.32,0.34,1763,0
2025-01-28 03:00:00,27.74,37.25,0.78,2.12,914,0
2025-01-28 04:00:00,66.8,36.26,0.58,4.32,1184,0
2025-01-28 05:00:00,71.7,53.75,0.5,2.11,1303,0
2025-01-28 06:00:00,26.72,78.71,0.12,1.81,1588,0
2025-01-28 07:00:00,88.24,52.4,0.68,3.51,1972,0
2025-01-28 08:00:00,92.23,36.03,0.52,3.38,720,0
2025-01-28 09:00:00,41.34,68.44,0.73,1.91,1650,0
2025-01-28 10:00:00,59.31,53.96,0.19,0.67,1676,0
2025-01-28 11:00:00,73.76,65.25,0.76,3.23,436,0
2025-01-28 12:00:00,89.4,75.15,0.23,2.04,807,0
2025-01-28 13:00:00,76.68,86.81,0.64,4.42,1943,0
2025-01-28 14:00:00,35.2,46.6,0.83,3.36,374,0
2025-01-28 15:00:00,33.45,38.92,0.34,0.92,585,0
2025-01-28 16:00:00,49.72,37.7,0.8,3.49,1390,0
2025-01-28 17:00:00,25.06,76.92,0.14,3.79,715,0
2025-01-28 18:00:00,22.84,30.65,0.9,3.1,1480,0
2025-01-28 19:00:00,43.01,55.57,0.23,0.57,297,0
2025-01-28 20:00:00,32.39,36.79,0.79,4.19,931,0
2025-01-28 21:00:00,45.54,78.75,0.57,3.67,176,0
2025-01-28 22:00:00,25.27,58.44,0.26,3.09,1367,0
2025-01-28 23:00:00,55.2,67.31,0.28,2.82,780,0
2025-01-29 00:00:00,69.96,60.72,0.69,1.24,282,0
2025-01-29 01:00:00,51.52,84.44,0.84,1.75,227,0
2025-01-29 02:00:00,59.44,76.37,0.36,1.66,911,0
2025-01-29 03:00:00,62.26,52.75,0.88,3.06,615,0
2025-01-29 04:00:00,72.29,37.62,0.11,4.07,858,0
2025-01-29 05:00:00,88.9,53.35,0.95,2.74,1447,0
2025-01-29 06:00:00,25.77,37.09,0.44,3.03,301,0
2025-01-29 07:00:00,48.94,82.32,0.33,2.67,1891,0
2025-01-29 08:00:00,75.39,48.35,0.12,1.73,1942,0
2025-01-29 09:00:00,21.05,86.2,0.71,0.43,786,0
2025-01-29 10:00:00,92.63,35.06,0.25,1.55,401,0
2025-01-29 11:00:00,51.34,71.16,0.85,4.61,1925,0
2025-01-29 12:00:00,38.74,42.89,0.59,3.01,1396,0
2025-01-29 13:00:00,88.45,80.58,0.61,1.18,532,0
2025-01-29 14:00:00,45.75,57.57,0.12,4.5,667,0
2025-01-29 15:00:00,65.59,61.85,0.92,1.72,1452,0
2025-01-29 16:00:00,72.79,57.73,0.53,4.01,916,0
2025-01-29 17:00:00,25.79,58.66,0.79,4.76,1755,0
2025-01-29 18:00:00,50.13,35.42,0.63,4.37,482,0
2025-01-29 19:00:00,70.65,46.87,0.32,0.34,1277,0
2025-01-29 20:00:00,38.24,55.79,0.84,3.04,1363,0
2025-01-29 21:00:00,52.47,37.23,0.38,0.29,1446,0
2025-01-29 22:00:00,92.19,37.25,0.41,3.6,1459,0
2025-01-29 23:00:00,60.17,87.22,0.6,1.55,259,0
2025-01-30 00:00:00,73.09,77.62,0.45,4.6,1069,0
2025-01-30 01:00:00,80.11,30.55,0.58,0.35,1029,0
2025-01-30 02:00:00,49.1,49.43,0.53,1.47,1745,0
2025-01-30 03:00:00,85.82,46.44,0.79,3.1,788,0
2025-01-30 04:00:00,84.16,45.11,0.53,4.64,1709,0
2025-01-30 05:00:00,86.5,64.69,0.54,1.28,200,0
2025-01-30 06:00:00,21.44,66.9,0.11,0.06,1692,0
2025-01-30 07:00:00,91.8,65.84,0.42,4.62,965,0
2025-01-30 08:00:00,43.04,76.35,0.15,3.91,904,0
2025-01-30 09:00:00,58.83,35.14,0.8,4.18,1997,0
2025-01-30 10:00:00,71.39,76.17,0.59,0.73,833,0
2025-01-30 11:00:00,65.37,52.01,0.56,1.88,1812,0
2025-01-30 12:00:00,93.85,81.97,0.4,3.82,142,0
2025-01-30 13:00:00,56.06,59.98,0.79,1.59,528,0
2025-01-30 14:00:00,28.03,71.49,0.26,2.05,1018,0
2025-01-30 15:00:00,71.42,64.2,0.92,2.75,434,0
2025-01-30 16:00:00,77.49,51.81,0.46,4.95,474,0
2025-01-30 17:00:00,52.15,86.42,0.22,1.44,188,0
2025-01-30 18:00:00,26.98,86.71,0.58,0.48,1570,0
2025-01-30 19:00:00,69.92,85.84,0.84,3.28,855,0
2025-01-30 20:00:00,66.21,30.48,0.15,3.28,315,0
2025-01-30 21:00:00,79.05,82.45,0.98,1.94,472,0
2025-01-30 22:00:00,80.87,51.57,0.95,3.36,1321,0
2025-01-30 23:00:00,75.25,38.37,0.19,0.17,1992,0
2025-01-31 00:00:00,86.71,59.42,0.65,1.88,1403,0
2025-01-31 01:00:00,63.06,47.09,0.39,4.92,1057,0
2025-01-31 02:00:00,37.63,55.01,0.14,1.4,1332,0
2025-01-31 03:00:00,76.85,48.8,0.89,2.11,805,0
2025-01-31 04:00:00,53.73,30.43,0.79,0.72,747,0
2025-01-31 05:00:00,26.72,42.53,0.16,4.8,1363,0
2025-01-31 06:00:00,39.44,53.47,0.68,3.47,1289,0
2025-01-31 07:00:00,50.09,83.27,0.52,4.81,1480,0
2025-01-31 08:00:00,58.73,35.97,0.76,2.02,792,0
2025-01-31 09:00:00,57.52,79.68,0.51,0.46,749,0
2025-01-31 10:00:00,90.83,80.5,0.26,3.71,1855,0
2025-01-31 11:00:00,66.68,80.33,0.48,4.6,1747,0
2025-01-31 12:00:00,74.04,83.57,0.19,2.41,813,0
2025-01-31 13:00:00,88.75,30.58,0.47,3.55,1835,0
2025-01-31 14:00:00,20.19,42.4,0.38,3.6,1052,0
2025-01-31 15:00:00,85.64,88.43,0.39,0.74,1633,0
2025-01-31 16:00:00,78.0,34.11,0.35,1.09,1070,0
2025-01-31 17:00:00,87.6,58.13,0.4,0.84,1392,0
2025-01-31 18:00:00,54.35,69.52,0.22,1.99,1283,0
2025-01-31 19:00:00,93.74,49.24,0.46,0.59,1341,0
2025-01-31 20:00:00,27.31,45.09,0.11,3.8,1053,0
2025-01-31 21:00:00,36.0,84.29,0.46,4.43,1491,0
2025-01-31 22:00:00,42.87,82.15,0.32,3.88,246,0
2025-01-31 23:00:00,92.08,62.82,0.41,4.51,1047,0
2025-02-01 00:00:00,56.34,34.89,0.51,4.9,1130,1
2025-02-01 01:00:00,92.38,66.02,0.42,4.75,708,1
2025-02-01 02:00:00,22.8,77.94,0.18,2.68,1975,1
2025-02-01 03:00:00,57.29,33.64,0.42,4.41,530,1
2025-02-01 04:00:00,35.12,78.43,0.66,3.86,661,1
2025-02-01 05:00:00,63.13,59.57,0.15,0.59,532,1
2025-02-01 06:00:00,26.0,33.28,0.45,0.87,1228,1
2025-02-01 07:00:00,54.62,85.31,0.3,3.98,1184,1
2025-02-01 08:00:00,72.84,40.45,0.56,1.08,1381,1
2025-02-01 09:00:00,39.43,53.67,0.75,2.37,1521,1
2025-02-01 10:00:00,94.96,79.27,0.44,1.16,134,1
2025-02-01 11:00:00,67.76,34.92,0.61,2.75,154,1
2025-02-01 12:00:00,57.81,62.7,0.48,4.73,276,1
2025-02-01 13:00:00,94.67,80.01,0.52,1.74,211,1
2025-02-01 14:00:00,53.58,31.23,0.12,3.2,1964,1
2025-02-01 15:00:00,83.53,59.94,0.97,1.67,755,1
2025-02-01 16:00:00,32.42,89.33,0.49,0.56,312,1
2025-02-01 17:00:00,27.52,78.16,0.61,1.15,944,1
2025-02-01 18:00:00,67.58,30.59,0.25,3.84,1522,1
2025-02-01 19:00:00,94.33,44.23,0.77,2.81,556,1
2025-02-01 20:00:00,70.52,65.44,0.8,1.06,529,1
2025-02-01 21:00:00,73.33,51.27,0.45,3.01,1493,1
2025-02-01 22:00:00,64.14,31.28,0.9,2.38,422,1
2025-02-01 23:00:00,27.37,47.53,0.64,2.26,1130,1
2025-02-02 00:00:00,51.72,77.0,0.51,4.68,676,1
2025-02-02 01:00:00,77.34,65.74,0.29,1.24,1319,1
2025-02-02 02:00:00,43.49,51.27,0.7,0.06,456,1
2025-02-02 03:00:00,88.08,62.05,0.93,2.43,1427,1
2025-02-02 04:00:00,44.39,33.81,0.97,0.78,1559,1
2025-02-02 05:00:00,72.99,43.88,0.63,4.79,1007,1
2025-02-02 06:00:00,46.49,41.52,0.21,4.29,1789,1
2025-02-02 07:00:00,33.18,73.09,0.94,1.37,997,1
2025-02-02 08:00:00,43.33,87.57,0.54,4.99,1926,1
2025-02-02 09:00:00,79.33,58.19,0.2,0.67,972,1
2025-02-02 10:00:00,51.71,69.49,0.92,3.34,1128,1
2025-02-02 11:00:00,80.85,55.83,0.14,0.04,1763,1
2025-02-02 12:00:00,41.75,39.44,0.38,0.63,1127,1
2025-02-02 13:00:00,72.62,80.71,0.95,2.44,1901,1
2025-02-02 14:00:00,70.53,78.26,0.59,1.05,1203,1
2025-02-02 15:00:00,52.36,57.92,0.13,4.42,349,1
2025-02-02 16:00:00,85.68,51.23,0.84,0.3,804,1
2025-02-02 17:00:00,68.14,59.34,0.57,3.91,1446,1
2025-02-02 18:00:00,92.49,59.47,0.36,3.22,1875,1
2025-02-02 19:00:00,63.22,79.68,0.56,2.36,775,1
2025-02-02 20:00:00,61.88,62.5,0.93,4.31,1842,1
2025-02-02 21:00:00,51.24,48.19,0.82,1.2,298,1
2025-02-02 22:00:00,78.43,30.84,0.95,0.79,1025,1
2025-02-02 23:00:00,87.71,59.12,0.46,0.69,1590,1
2025-02-03 00:00:00,35.83,53.52,0.35,3.65,1893,0
2025-02-03 01:00:00,28.05,60.68,0.15,2.08,232,0
2025-02-03 02:00:00,54.85,67.26,0.66,3.9,1430,0
2025-02-03 03:00:00,24.91,51.18,0.92,0.39,1150,0
2025-02-03 04:00:00,56.02,52.73,0.26,1.35,1691,0
2025-02-03 05:00:00,72.63,31.93,0.17,1.49,136,0
2025-02-03 06:00:00,72.39,37.3,0.53,2.47,106,0
2025-02-03 07:00:00,60.56,72.81,0.59,3.43,826,0
2025-02-03 08:00:00,78.06,34.74,0.61,0.92,1428,0
2025-02-03 09:00:00,49.1,64.0,0.65,4.57,1730,0
2025-02-03 10:00:00,80.35,46.64,0.94,4.28,137,0
2025-02-03 11:00:00,85.22,30.66,0.83,2.28,778,0
2025-02-03 12:00:00,85.63,59.79,0.99,0.5,1354,0
2025-02-03 13:00:00,23.69,88.51,0.52,0.3,392,0
2025-02-03 14:00:00,54.24,59.32,0.93,4.26,1649,0
2025-02-03 15:00:00,80.48,69.98,0.96,3.19,587,0
2025-02-03 16:00:00,68.97,85.12,0.67,2.22,1269,0
2025-02-03 17:00:00,39.61,47.09,0.31,3.47,509,0
2025-02-03 18:00:00,36.75,52.01,0.43,4.91,301,0
2025-02-03 19:00:00,55.49,89.42,0.37,3.91,854,0
2025-02-03 20:00:00,39.92,45.27,0.6,1.23,927,0
2025-02-03 21:00:00,71.41,70.59,0.94,4.88,1288,0
2025-02-03 22:00:00,37.63,39.82,0.48,4.47,926,0
2025-02-03 23:00:00,83.84,58.9,0.65,3.42,1051,0
2025-02-04 00:00:00,26.22,85.17,0.63,1.24,1387,0
2025-02-04 01:00:00,69.95,39.14,0.5,4.24,816,0
2025-02-04 02:00:00,66.16,77.77,0.64,2.32,1061,0
2025-02-04 03:00:00,87.27,52.81,0.37,3.02,1795,0
2025-02-04 04:00:00,86.47,43.61,1.0,3.9,1561,0
2025-02-04 05:00:00,54.03,79.47,0.76,2.22,487,0
2025-02-04 06:00:00,58.11,89.84,0.77,2.54,1198,0
2025-02-04 07:00:00,25.26,82.36,0.34,1.64,1650,0
2025-02-04 08:00:00,20.92,83.92,0.29,2.11,208,0
2025-02-04 09:00:00,67.51,62.45,0.3,4.61,1846,0
2025-02-04 10:00:00,60.81,51.04,0.16,3.25,120,0
2025-02-04 11:00:00,81.77,45.63,0.69,4.05,1858,0
2025-02-04 12:00:00,74.35,58.87,0.96,2.4,1159,0
2025-02-04 13:00:00,22.24,31.21,0.7,3.08,1145,0
2025-02-04 14:00:00,88.11,33.26,0.33,0.12,601,0
2025-02-04 15:00:00,66.82,86.82,0.91,2.97,1553,0
2025-02-04 16:00:00,94.81,60.8,0.22,1.59,1846,0
2025-02-04 17:00:00,54.0,80.65,0.7,2.5,220,0
2025-02-04 18:00:00,64.26,37.81,0.46,4.89,447,0
2025-02-04 19:00:00,75.12,68.87,0.16,3.58,1090,0
2025-02-04 20:00:00,48.09,74.74,0.6,0.72,1098,0
2025-02-04 21:00:00,71.27,51.66,0.17,3.03,692,0
2025-02-04 22:00:00,38.74,65.86,0.81,3.86,316,0
2025-02-04 23:00:00,81.88,82.44,0.84,0.16,358,0
2025-02-05 00:00:00,22.93,88.57,0.66,0.86,126,0
2025-02-05 01:00:00,31.19,38.46,0.31,0.66,117,0
2025-02-05 02:00:00,63.61,34.43,0.59,2.95,695,0
2025-02-05 03:00:00,49.21,37.45,0.53,3.76,849,0
2025-02-05 04:00:00,76.89,70.39,0.41,3.15,1682,0
2025-02-05 05:00:00,69.17,55.25,0.61,3.55,981,0
2025-02-05 06:00:00,39.82,62.95,0.72,0.95,611,0
2025-02-05 07:00:00,33.28,63.83,0.77,3.92,1317,0
2025-02-05 08:00:00,76.49,79.43,0.63,2.45,357,0
2025-02-05 09:00:00,69.66,35.86,0.27,3.83,606,0
2025-02-05 10:00:00,37.39,63.63,0.38,3.28,1068,0
2025-02-05 11:00:00,26.09,87.39,0.88,2.9,1762,0
2025-02-05 12:00:00,23.58,62.74,0.84,2.52,1855,0
2025-02-05 13:00:00,22.43,77.28,0.61,0.2,1162,0
2025-02-05 14:00:00,90.69,83.54,0.96,1.36,1795,0
2025-02-05 15:00:00,46.2,62.19,0.87,3.96,372,0
2025-02-05 16:00:00,58.77,59.82,0.54,3.75,1675,0
2025-02-05 17:00:00,75.04,65.65,0.86,4.61,442,0
2025-02-05 18:00:00,80.78,77.4,0.23,3.92,619,0
2025-02-05 19:00:00,91.32,73.97,0.13,1.6,207,0
2025-02-05 20:00:00,74.0,59.62,0.29,1.84,1951,0
2025-02-05 21:00:00,22.17,35.18,0.53,0.85,1203,0
2025-02-05 22:00:00,89.89,46.0,0.62,2.84,1313,0
2025-02-05 23:00:00,41.85,54.06,0.9,0.91,212,0
2025-02-06 00:00:00,32.25,61.87,0.85,2.47,1472,0
2025-02-06 01:00:00,48.4,45.84,1.0,3.74,219,0
2025-02-06 02:00:00,37.16,57.5,0.73,3.33,481,0
2025-02-06 03:00:00,72.8,47.69,0.29,3.53,686,0
2025-02-06 04:00:00,81.0,53.95,0.79,2.89,759,0
2025-02-06 05:00:00,70.1,70.36,0.16,1.72,1704,0
2025-02-06 06:00:00,85.58,89.49,0.7,3.82,1985,0
2025-02-06 07:00:00,47.62,73.26,0.25,3.39,1031,0
2025-02-06 08:00:00,55.43,88.13,0.57,4.89,1949,0
2025-02-06 09:00:00,34.59,80.9,0.25,1.43,626,0
2025-02-06 10:00:00,48.45,87.92,0.9,2.95,1957,0
2025-02-06 11:00:00,44.72,88.65,0.86,1.63,1851,0
2025-02-06 12:00:00,46.1,54.76,0.65,3.9,499,0
2025-02-06 13:00:00,94.67,62.25,0.69,4.56,1349,0
2025-02-06 14:00:00,78.96,59.08,0.2,1.0,1576,0
2025-02-06 15:00:00,80.1,87.83,0.59,2.26,1143,0
2025-02-06 16:00:00,27.54,48.25,0.61,4.86,1558,0
2025-02-06 17:00:00,68.97,44.17,0.28,4.7,904,0
2025-02-06 18:00:00,50.29,35.93,0.59,4.39,274,0
2025-02-06 19:00:00,31.89,56.74,0.72,3.76,238,0
2025-02-06 20:00:00,26.04,87.42,0.22,2.26,879,0
2025-02-06 21:00:00,36.72,78.29,0.59,3.51,588,0
2025-02-06 22:00:00,28.35,67.97,0.47,0.16,124,0
2025-02-06 23:00:00,73.57,74.2,0.97,2.84,200,0
2025-02-07 00:00:00,55.87,43.52,0.94,3.79,349,0
2025-02-07 01:00:00,20.07,54.48,0.16,4.88,598,0
2025-02-07 02:00:00,44.62,34.69,0.31,1.7,1921,0
2025-02-07 03:00:00,42.2,89.08,0.19,3.86,187,0
2025-02-07 04:00:00,48.35,67.52,0.32,0.86,406,0
2025-02-07 05:00:00,41.36,71.97,0.62,2.49,773,0
2025-02-07 06:00:00,92.7,89.98,0.19,2.03,1994,0
2025-02-07 07:00:00,60.26,78.32,0.51,0.68,667,0
2025-02-07 08:00:00,30.64,69.54,0.93,0.28,1413,0
2025-02-07 09:00:00,28.87,57.48,0.27,1.49,687,0
2025-02-07 10:00:00,37.68,84.12,0.41,4.09,1689,0
2025-02-07 11:00:00,87.71,73.84,0.79,4.1,545,0
2025-02-07 12:00:00,77.22,70.85,0.46,4.78,219,0
2025-02-07 13:00:00,66.62,46.6,0.29,1.13,431,0
2025-02-07 14:00:00,65.42,36.67,0.74,3.01,492,0
2025-02-07 15:00:00,29.07,34.07,0.97,1.46,1185,0
2025-02-07 16:00:00,46.8,32.76,0.64,3.7,858,0
2025-02-07 17:00:00,41.8,41.28,0.23,1.33,1687,0
2025-02-07 18:00:00,91.2,84.42,0.83,2.86,1077,0
2025-02-07 19:00:00,37.27,37.91,0.24,4.54,446,0
2025-02-07 20:00:00,71.02,89.08,0.1,1.85,634,0
2025-02-07 21:00:00,24.4,79.61,0.84,0.89,1856,0
2025-02-07 22:00:00,85.32,48.8,0.54,0.45,1752,0
2025-02-07 23:00:00,53.2,78.79,0.18,1.53,995,0
2025-02-08 00:00:00,71.97,78.02,0.54,1.8,485,1
2025-02-08 01:00:00,53.31,51.98,0.72,3.34,1547,1
2025-02-08 02:00:00,49.01,68.97,0.87,0.24,1903,1
2025-02-08 03:00:00,83.45,58.58,0.55,0.83,1479,1
2025-02-08 04:00:00,22.14,52.99,0.61,2.64,1575,1
2025-02-08 05:00:00,71.14,66.14,0.34,2.63,1391,1
2025-02-08 06:00:00,87.75,65.39,0.49,2.49,802,1
2025-02-08 07:00:00,51.42,30.46,0.25,3.74,825,1
2025-02-08 08:00:00,34.35,60.06,0.75,3.92,1515,1
2025-02-08 09:00:00,87.56,51.05,0.19,3.14,1152,1
2025-02-08 10:00:00,26.87,37.1,0.12,1.32,323,1
2025-02-08 11:00:00,54.99,63.93,0.3,0.82,1307,1
2025-02-08 12:00:00,68.82,62.91,0.16,3.1,1028,1
2025-02-08 13:00:00,49.11,31.03,0.73,4.75,221,1
2025-02-08 14:00:00,23.28,56.92,0.21,0.04,1893,1
2025-02-08 15:00:00,54.89,80.89,0.37,1.45,935,1
2025-02-08 16:00:00,86.51,76.33,0.7,0.48,1876,1
2025-02-08 17:00:00,83.35,62.78,0.77,0.32,1171,1
2025-02-08 18:00:00,20.36,69.94,0.68,1.9,161,1
2025-02-08 19:00:00,71.51,67.02,0.25,0.61,1879,1
2025-02-08 20:00:00,68.42,81.13,0.4,1.12,1415,1
2025-02-08 21:00:00,85.84,37.98,0.74,1.37,1883,1
2025-02-08 22:00:00,78.33,75.53,0.15,1.85,620,1
2025-02-08 23:00:00,44.64,78.98,0.9,0.41,1452,1
2025-02-09 00:00:00,86.38,76.57,0.65,4.51,573,1
2025-02-09 01:00:00,50.27,34.71,0.43,1.06,875,1
2025-02-09 02:00:00,37.29,67.38,0.89,3.17,1680,1
2025-02-09 03:00:00,69.7,47.13,0.55,1.27,175,1
2025-02-09 04:00:00,66.02,76.44,0.56,3.72,332,1
2025-02-09 05:00:00,70.78,74.25,0.26,4.19,1972,1
2025-02-09 06:00:00,72.71,35.21,0.38,0.07,1635,1
2025-02-09 07:00:00,63.71,33.73,0.65,1.61,1663,1
2025-02-09 08:00:00,31.75,78.04,0.41,2.38,1495,1
2025-02-09 09:00:00,54.5,58.27,0.19,2.62,1858,1
2025-02-09 10:00:00,65.07,84.54,0.85,2.4,1945,1
2025-02-09 11:00:00,90.19,53.75,0.57,3.42,1004,1
2025-02-09 12:00:00,60.82,69.37,0.23,1.1,1483,1
2025-02-09 13:00:00,31.54,73.87,0.29,0.84,1633,1
2025-02-09 14:00:00,80.2,35.03,0.65,4.11,1836,1
2025-02-09 15:00:00,88.08,67.23,0.4,1.24,1044,1
2025-02-09 16:00:00,22.21,71.83,0.53,2.05,501,1
2025-02-09 17:00:00,49.78,88.19,0.91,3.84,787,1
2025-02-09 18:00:00,29.77,87.03,0.91,4.53,1614,1
2025-02-09 19:00:00,60.74,79.18,0.67,3.87,1455,1
2025-02-09 20:00:00,50.48,74.83,0.15,0.57,1180,1
2025-02-09 21:00:00,90.26,83.3,0.5,1.74,1624,1
2025-02-09 22:00:00,20.21,59.4,0.23,0.56,1963,1
2025-02-09 23:00:00,58.97,30.61,0.62,4.41,779,1
2025-02-10 00:00:00,34.53,63.62,0.6,3.28,1078,0
2025-02-10 01:00:00,34.69,40.92,0.56,3.88,1521,0
2025-02-10 02:00:00,48.34,41.66,0.64,3.11,914,0
2025-02-10 03:00:00,41.0,85.49,0.38,1.51,215,0
2025-02-10 04:00:00,77.64,60.01,0.16,0.72,1207,0
2025-02-10 05:00:00,92.63,74.15,0.4,4.31,594,0
2025-02-10 06:00:00,61.89,57.94,0.67,4.98,145,0
2025-02-10 07:00:00,93.87,32.81,0.96,1.38,262,0
2025-02-10 08:00:00,72.63,46.75,0.79,3.2,1456,0
2025-02-10 09:00:00,22.27,56.07,0.65,1.07,713,0
2025-02-10 10:00:00,52.99,42.91,0.52,4.06,712,0
2025-02-10 11:00:00,74.01,67.53,0.79,2.19,1951,0
2025-02-10 12:00:00,41.97,86.12,0.52,1.05,1785,0
2025-02-10 13:00:00,94.42,87.68,0.2,4.51,1519,0
2025-02-10 14:00:00,43.24,76.18,0.92,1.16,1719,0
2025-02-10 15:00:00,75.35,65.42,0.66,1.14,363,0
2025-02-10 16:00:00,69.65,49.18,0.56,0.09,853,0
2025-02-10 17:00:00,89.82,62.64,0.87,2.05,1941,0
2025-02-10 18:00:00,27.81,62.79,0.22,1.71,1223,0
2025-02-10 19:00:00,35.72,67.67,0.51,2.44,402,0
2025-02-10 20:00:00,90.4,83.23,0.34,0.77,1298,0
2025-02-10 21:00:00,91.48,81.98,0.52,4.27,157,0
2025-02-10 22:00:00,50.68,57.15,0.53,0.39,261,0
2025-02-10 23:00:00,24.7,70.7,0.47,4.9,982,0
2025-02-11 00:00:00,26.4,72.42,0.72,4.15,1537,0
2025-02-11 01:00:00,37.68,60.2,0.65,2.38,178,0
2025-02-11 02:00:00,51.96,80.51,0.51,4.77,1201,0
2025-02-11 03:00:00,52.46,65.02,0.36,2.32,392,0
2025-02-11 04:00:00,57.3,68.73,0.27,3.48,1956,0
2025-02-11 05:00:00,47.39,77.48,0.47,2.3,1722,0
2025-02-11 06:00:00,70.18,33.08,0.9,1.7,620,0
2025-02-11 07:00:00,43.69,60.63,0.47,3.68,1205,0
2025-02-11 08:00:00,65.57,52.84,0.39,3.3,1876,0
2025-02-11 09:00:00,25.7,86.87,0.26,3.57,1118,0
2025-02-11 10:00:00,71.68,61.3,0.72,1.27,1489,0
2025-02-11 11:00:00,24.0,62.22,0.16,2.41,543,0
2025-02-11 12:00:00,48.83,35.47,0.88,3.95,1563,0
2025-02-11 13:00:00,91.15,34.14,0.66,4.63,1791,0
2025-02-11 14:00:00,42.83,36.79,0.42,2.18,725,0
2025-02-11 15:00:00,41.43,75.7,0.7,0.16,434,0
